{
	"format_version": "1.8.0",
	"animations": {
		"rumaruka_go": {
			"animation_length": 1,
			"bones": {
				"LeftLeg": {
					"rotation": {
						"0.0": [10, 0, 0],
						"0.5": [-37.5, 0, 0],
						"1.0": [10, 0, 0]
					}
				},
				"LeftStep": {
					"rotation": [35, 0, 0]
				},
				"RightLeg": {
					"rotation": {
						"0.0": {"pre": [18.26731, 0.97563, 5.59518], "post": [-34.23269, 0.97563, 5.59518]},
						"0.5": [20.76731, 0.97563, 5.59518],
						"1.0": [-21.73269, 0.97563, 5.59518]
					}
				},
				"RightStep": {
					"rotation": [12.5, 0, 0]
				}
			}
		}
	}
}